"UG25CSE001","AADI ANIRUDHA SHAH "
"UG25CSE002","AAYUSH PATEL "
"UG25CSE003","ABHISHEK AGRAWAL "              
"UG25CSE004","ABHISHEK SONKAR "
"UG25CSE005","ACHYUT VIDHEESH "
"UG25CSE006","ADARSH KUMAR SINGH "
"UG25CSE007","ADIT VIKESH SHAH "
"UG25CSE008","AISHA BHAKTANI "
"UG25CSE009","ALOK KUMAR "
"UG25CSE010","AMAAN MOIN KHAN "
"UG25CSE011","AMAN MEENA "
"UG25CSE012","AMBARAPU VISHNU VARDHAN GOUD "
"UG25CSE013","AMULYA AJAY "
"UG25CSE014","ANANT RAJ "
"UG25CSE015","ANIKET SAHU "
"UG25CSE016","ANISH MEENA "
"UG25CSE017","ANKIT SAINI "
"UG25CSE018","ASHUTOSH ANJIVA RAI "
"UG25CSE019","ATUL KUMAR "
"UG25CSE020","AYUSH MEENA "
"UG25CSE021","AYUSHKUMAR SINGH RAJPUT "
"UG25CSE022","BARASKAR ADITYA SANJIV "
"UG25CSE023","BHANVADIYA HAPPY DILIPBHAI "
"UG25CSE024","BHIMANI TIRTH "
"UG25CSE026","CHITIKESHI SRINIKETH "
"UG25CSE027","CHUDI MANEESH REDDY "
"UG25CSE028","DASARI HIMACHANDANA "
"UG25CSE029","DEEPANSHU KUMAR "
"UG25CSE030","DESAI MEET KAMLESHBHAI "
"UG25CSE031","DHRUVKUMAR ARUNBHAI PATEL "
"UG25CSE032","DOBARIYA DEEP HARESHBHAI "
"UG25CSE034","EMANI VENKATA LAXMI NIVAS "
"UG25CSE035","GANDHI PRIYANSH DHARMESHKUMAR "
"UG25CSE036","GIRDHAR BANGAR "
"UG25CSE037","GOHIL ROHIT PRAVINBHAI "
"UG25CSE038","GOYANI HASTI HARESHBHAI "
"UG25CSE039","HARSH KUMAR MAURYA "
"UG25CSE040","HEMANT BARHATH "
"UG25CSE041","HEMANT KUMAR DHAYAL "
"UG25CSE042","HET SANJAYBHAI TOPIYA "
"UG25CSE043","ISHWAR BHADRU "
"UG25CSE044","JAMI SAI CHAITANYA "
"UG25CSE045","K S V KARTHIKEYA "
"UG25CSE046","K V ANAND VARDHAN "
"UG25CSE047","KADAM APEKSHA SHAHAJI "
"UG25CSE048","KANTESARIYA SOHAM JAYESH "
"UG25CSE049","KARTIK GAGAR "
"UG25CSE050","KARYAMPUDI GREESHMA "
"UG25CSE051","KHENI DARSH SHAILESHBHAI "
"UG25CSE052","KOTADIYA TITHI KETANKUMAR "
"UG25CSE053","KRISHNA SINGH "
"UG25CSE054","KUMBHANI MALAY RATANJIBHAI "
"UG25CSE055","KUMMARI VARUNDEEP "
"UG25CSE056","LALIT THANDIRAM MEENA "
"UG25CSE057","LUCKY KUMAR "
"UG25CSE058","MADIWALE SOJAL SANJAY "
"UG25CSE059","MAMILLAPALLI SNEHITH "
"UG25CSE060","MANDEPUDI TEJA "
"UG25CSE061","MIRA PATEL "
"UG25CSE062","MOHIT BILONIYA "
"UG25CSE063","MOHITKUMAR BHEDA "
"UG25CSE064","MUSINI HANISH "
"UG25CSE065","NAKRANI ZALAK ASHOKBHAI "
"UG25CSE066","NIDHI VYAS "
"UG25CSE067","NIKHIL RAJ "
"UG25CSE068","NOSSUM NISHAL VARA NIDHIN "
"UG25CSE069","OM BHARATKUMAR JANI "
"UG25CSE070","OM RAJPUT "
"UG25CSE071","OMI BHAWSAR "
"UG25CSE072","PALAK SINGHAL "
"UG25CSE074","PARMAR TRISHA KANAIYALAL "
"UG25CSE075","PARMAR VAIBHAVKUMAR JIGNESHBHAI "
"UG25CSE076","PARTH TANDON "
"UG25CSE077","PATANVADIYA HARSHIL KALPESHBHAI "
"UG25CSE078","PATEL BHUVANESHWARI "
"UG25CSE079","PATEL MEET CHIMANBHAI "
"UG25CSE080","PATEL PARAM NILESHBHAI "
"UG25CSE081","PAWAR ARNAV DNYANESHWAR "
"UG25CSE082","PAYAL CHOUDHARY "
"UG25CSE083","PIYUSH GOYAL "
"UG25CSE084","PIYUSH SAINI "
"UG25CSE085","PRATEEK KUMAR "
"UG25CSE086","PRATIBHA "
"UG25CSE087","PRIYANKA RAJESH WADHWANI "
"UG25CSE088","PRIYANSHU MISHRA "
"UG25CSE089","PRIYANSHU NAGDA "
"UG25CSE090","PUNANI KSHITIJKUMAR AJAYBHAI "
"UG25CSE091","RAM ABHISHEKKUMAR DHARMENDRA "
"UG25CSE092","RANDHIR NEHA DILIP "
"UG25CSE093","RANGHOLIYA PANTH RASIKBHAI "
"UG25CSE094","RATHOD KRIPAL KISHORBHAI"